YEAR,MONTH,DAY_OF_MONTH,DAY_OF_WEEK,OP_UNIQUE_CARRIER,TAIL_NUM,OP_CARRIER_FL_NUM,ORIGIN,ORIGIN_CITY_NAME,ORIGIN_STATE_NM,DEST,DEST_CITY_NAME,DEST_STATE_NM,CRS_DEP_TIME,DEP_TIME,DEP_DELAY,TAXI_OUT,WHEELS_OFF,WHEELS_ON,TAXI_IN,CRS_ARR_TIME,ARR_TIME,ARR_DELAY,CANCELLED,CANCELLATION_CODE,DIVERTED,CRS_ELAPSED_TIME,ACTUAL_ELAPSED_TIME,AIR_TIME,DISTANCE,CARRIER_DELAY,WEATHER_DELAY,NAS_DELAY,SECURITY_DELAY,LATE_AIRCRAFT_DELAY,DATE,ROUTE_PATH
2019,3,8,5,9E,N8694A,5313,LGA,"New York, NY",New York,ORF,"Norfolk, VA",Virginia,1655,1646,-9.0,36.0,1722,1818,5.0,1824,1823,-1.0,0.0,"",0.0,89.0,97.0,56.0,296.0,"","","","","",2019-3-8,SAC-LGADAC-ORFDIM-296.0
2019,3,8,5,9E,N391CA,5348,ATL,"Atlanta, GA",Georgia,XNA,"Fayetteville, AR",Arkansas,1718,1718,0.0,18.0,1736,1806,5.0,1816,1811,-5.0,0.0,"",0.0,118.0,113.0,90.0,589.0,"","","","","",2019-3-8,SAC-ATLDAC-XNADIM-589.0
2019,3,8,5,9E,N840AY,5354,IAD,"Washington, DC",Virginia,JFK,"New York, NY",New York,1658,1658,0.0,31.0,1729,1817,6.0,1835,1823,-12.0,0.0,"",0.0,97.0,85.0,48.0,228.0,"","","","","",2019-3-8,SAC-IADDAC-JFKDIM-228.0
2019,3,8,5,9E,N819AY,5356,JFK,"New York, NY",New York,BWI,"Baltimore, MD",Maryland,1730,1724,-6.0,30.0,1754,1833,4.0,1858,1837,-21.0,0.0,"",0.0,88.0,73.0,39.0,184.0,"","","","","",2019-3-8,SAC-JFKDAC-BWIDIM-184.0
2019,3,8,5,9E,N927XJ,5369,CMH,"Columbus, OH",Ohio,DTW,"Detroit, MI",Michigan,1727,1746,19.0,16.0,1802,1840,9.0,1834,1849,15.0,0.0,"",0.0,67.0,63.0,38.0,155.0,3.0,0.0,0.0,0.0,12.0,2019-3-8,SAC-CMHDAC-DTWDIM-155.0
2019,3,8,5,9E,N935XJ,5378,ATL,"Atlanta, GA",Georgia,XNA,"Fayetteville, AR",Arkansas,1553,1726,93.0,16.0,1742,1815,42.0,1650,1857,127.0,0.0,"",0.0,117.0,151.0,93.0,589.0,0.0,0.0,34.0,0.0,93.0,2019-3-8,SAC-ATLDAC-XNADIM-589.0
2019,3,8,5,9E,N147PQ,5438,DTW,"Detroit, MI",Michigan,CLE,"Cleveland, OH",Ohio,1750,1745,-5.0,18.0,1803,1826,7.0,1849,1833,-16.0,0.0,"",0.0,59.0,48.0,23.0,95.0,"","","","","",2019-3-8,SAC-DTWDAC-CLEDIM-95.0
2019,3,8,5,MQ,N674RJ,3896,ORD,"Chicago, IL",Illinois,MLI,"Moline, IL",Illinois,1712,1708,-4.0,14.0,1722,1753,6.0,1806,1759,-7.0,0.0,"",0.0,54.0,51.0,31.0,139.0,"","","","","",2019-3-8,SAC-ORDDAC-MLIDIM-139.0
2019,3,8,5,MQ,N819AE,3898,ABI,"Abilene, TX",Texas,DFW,"Dallas/Fort Worth, TX",Texas,1701,1700,-1.0,20.0,1720,1753,4.0,1757,1757,0.0,0.0,"",0.0,56.0,57.0,33.0,158.0,"","","","","",2019-3-8,SAC-ABIDAC-DFWDIM-158.0
2019,3,8,5,MQ,N622AE,3979,CLE,"Cleveland, OH",Ohio,ORD,"Chicago, IL",Illinois,1754,1802,8.0,13.0,1815,1821,16.0,1839,1837,-2.0,0.0,"",0.0,105.0,95.0,66.0,316.0,"","","","","",2019-3-8,SAC-CLEDAC-ORDDIM-316.0
2019,3,8,5,MQ,N696AE,3988,DSM,"Des Moines, IA",Iowa,ORD,"Chicago, IL",Illinois,1718,1728,10.0,10.0,1738,1827,13.0,1844,1840,-4.0,0.0,"",0.0,86.0,72.0,49.0,299.0,"","","","","",2019-3-8,SAC-DSMDAC-ORDDIM-299.0
2019,3,8,5,YV,N911FJ,5971,DFW,"Dallas/Fort Worth, TX",Texas,TUL,"Tulsa, OK",Oklahoma,1645,1708,23.0,14.0,1722,1803,8.0,1756,1811,15.0,0.0,"",0.0,71.0,63.0,41.0,237.0,15.0,0.0,0.0,0.0,0.0,2019-3-8,SAC-DFWDAC-TULDIM-237.0
2019,3,8,5,AA,N767UW,2181,CLT,"Charlotte, NC",North Carolina,BNA,"Nashville, TN",Tennessee,1615,1658,43.0,24.0,1722,1726,7.0,1642,1733,51.0,0.0,"",0.0,87.0,95.0,64.0,328.0,2.0,0.0,8.0,0.0,41.0,2019-3-8,SAC-CLTDAC-BNADIM-328.0
2019,3,8,5,AA,N992AN,2232,MCO,"Orlando, FL",Florida,MIA,"Miami, FL",Florida,1742,1740,-2.0,13.0,1753,1829,9.0,1855,1838,-17.0,0.0,"",0.0,73.0,58.0,36.0,192.0,"","","","","",2019-3-8,SAC-MCODAC-MIADIM-192.0
2019,3,8,5,MQ,N612AE,3373,DFW,"Dallas/Fort Worth, TX",Texas,TYR,"Tyler, TX",Texas,1725,1725,0.0,26.0,1751,1813,6.0,1812,1819,7.0,0.0,"",0.0,47.0,54.0,22.0,102.0,"","","","","",2019-3-8,SAC-DFWDAC-TYRDIM-102.0
2019,3,8,5,MQ,N671AE,3437,DFW,"Dallas/Fort Worth, TX",Texas,ACT,"Waco, TX",Texas,1735,1733,-2.0,15.0,1748,1807,4.0,1815,1811,-4.0,0.0,"",0.0,40.0,38.0,19.0,89.0,"","","","","",2019-3-8,SAC-DFWDAC-ACTDIM-89.0
2019,3,8,5,MQ,N606AE,3453,GRR,"Grand Rapids, MI",Michigan,ORD,"Chicago, IL",Illinois,1729,1733,4.0,16.0,1749,1722,16.0,1734,1738,4.0,0.0,"",0.0,65.0,65.0,33.0,137.0,"","","","","",2019-3-8,SAC-GRRDAC-ORDDIM-137.0
2019,3,8,5,MQ,N849AE,3454,DFW,"Dallas/Fort Worth, TX",Texas,ABI,"Abilene, TX",Texas,1725,1719,-6.0,20.0,1739,1810,3.0,1817,1813,-4.0,0.0,"",0.0,52.0,54.0,31.0,158.0,"","","","","",2019-3-8,SAC-DFWDAC-ABIDIM-158.0
2019,3,8,5,NK,N638NK,1623,MCO,"Orlando, FL",Florida,MSY,"New Orleans, LA",Louisiana,1733,1734,1.0,16.0,1750,1817,26.0,1832,1843,11.0,0.0,"",0.0,119.0,129.0,87.0,551.0,"","","","","",2019-3-8,SAC-MCODAC-MSYDIM-551.0
2019,3,8,5,NK,N617NK,207,DFW,"Dallas/Fort Worth, TX",Texas,LAS,"Las Vegas, NV",Nevada,1735,1729,-6.0,17.0,1746,1825,9.0,1840,1834,-6.0,0.0,"",0.0,185.0,185.0,159.0,1055.0,"","","","","",2019-3-8,SAC-DFWDAC-LASDIM-1055.0
2019,3,8,5,AA,N997NN,1414,JFK,"New York, NY",New York,ORD,"Chicago, IL",Illinois,1705,1709,4.0,19.0,1728,1834,24.0,1907,1858,-9.0,0.0,"",0.0,182.0,169.0,126.0,740.0,"","","","","",2019-3-8,SAC-JFKDAC-ORDDIM-740.0
2019,3,8,5,DL,N364NB,442,SLC,"Salt Lake City, UT",Utah,SNA,"Santa Ana, CA",California,1710,1706,-4.0,34.0,1740,1804,12.0,1807,1816,9.0,0.0,"",0.0,117.0,130.0,84.0,588.0,"","","","","",2019-3-8,SAC-SLCDAC-SNADIM-588.0
2019,3,8,5,DL,N924DN,622,DTW,"Detroit, MI",Michigan,ORD,"Chicago, IL",Illinois,1556,1734,98.0,11.0,1745,1735,12.0,1619,1747,88.0,0.0,"",0.0,83.0,73.0,50.0,235.0,88.0,0.0,0.0,0.0,0.0,2019-3-8,SAC-DTWDAC-ORDDIM-235.0
2019,3,8,5,DL,N914DN,757,ATL,"Atlanta, GA",Georgia,DAB,"Daytona Beach, FL",Florida,1716,1711,-5.0,17.0,1728,1825,6.0,1836,1831,-5.0,0.0,"",0.0,80.0,80.0,57.0,366.0,"","","","","",2019-3-8,SAC-ATLDAC-DABDIM-366.0
2019,3,8,5,DL,N326US,874,DTW,"Detroit, MI",Michigan,BNA,"Nashville, TN",Tennessee,1740,1802,22.0,13.0,1815,1820,11.0,1815,1831,16.0,0.0,"",0.0,95.0,89.0,65.0,456.0,2.0,0.0,0.0,0.0,14.0,2019-3-8,SAC-DTWDAC-BNADIM-456.0
2019,3,8,5,DL,N935DN,1024,MKE,"Milwaukee, WI",Wisconsin,MSP,"Minneapolis, MN",Minnesota,1724,1719,-5.0,14.0,1733,1832,3.0,1848,1835,-13.0,0.0,"",0.0,84.0,76.0,59.0,297.0,"","","","","",2019-3-8,SAC-MKEDAC-MSPDIM-297.0
2019,3,8,5,DL,N972DL,1075,ATL,"Atlanta, GA",Georgia,CHS,"Charleston, SC",South Carolina,1710,1710,0.0,13.0,1723,1802,4.0,1821,1806,-15.0,0.0,"",0.0,71.0,56.0,39.0,259.0,"","","","","",2019-3-8,SAC-ATLDAC-CHSDIM-259.0
2019,3,8,5,DL,N552NW,1117,FLL,"Fort Lauderdale, FL",Florida,ATL,"Atlanta, GA",Georgia,1700,1657,-3.0,30.0,1727,1837,10.0,1900,1847,-13.0,0.0,"",0.0,120.0,110.0,70.0,581.0,"","","","","",2019-3-8,SAC-FLLDAC-ATLDIM-581.0
2019,3,8,5,DL,N925AT,1139,SLC,"Salt Lake City, UT",Utah,SMF,"Sacramento, CA",California,1125,1725,360.0,39.0,1804,1825,4.0,1215,1829,374.0,0.0,"",0.0,110.0,124.0,81.0,532.0,360.0,0.0,14.0,0.0,0.0,2019-3-8,SAC-SLCDAC-SMFDIM-532.0
2019,3,8,5,DL,N370NB,1146,SLC,"Salt Lake City, UT",Utah,SJC,"San Jose, CA",California,1705,1700,-5.0,29.0,1729,1804,2.0,1808,1806,-2.0,0.0,"",0.0,123.0,126.0,95.0,584.0,"","","","","",2019-3-8,SAC-SLCDAC-SJCDIM-584.0
2019,3,8,5,DL,N880DN,1177,SLC,"Salt Lake City, UT",Utah,PDX,"Portland, OR",Oregon,1700,1720,20.0,42.0,1802,1838,5.0,1801,1843,42.0,0.0,"",0.0,121.0,143.0,96.0,630.0,0.0,0.0,22.0,0.0,20.0,2019-3-8,SAC-SLCDAC-PDXDIM-630.0
2019,3,8,5,DL,N323NB,1187,SLC,"Salt Lake City, UT",Utah,LAX,"Los Angeles, CA",California,1713,1712,-1.0,44.0,1756,1822,10.0,1815,1832,17.0,0.0,"",0.0,122.0,140.0,86.0,590.0,0.0,0.0,17.0,0.0,0.0,2019-3-8,SAC-SLCDAC-LAXDIM-590.0
2019,3,8,5,DL,N919DU,1418,SLC,"Salt Lake City, UT",Utah,SAN,"San Diego, CA",California,1705,1709,4.0,27.0,1736,1803,3.0,1757,1806,9.0,0.0,"",0.0,112.0,117.0,87.0,626.0,"","","","","",2019-3-8,SAC-SLCDAC-SANDIM-626.0
2019,3,8,5,DL,N960DN,1433,ATL,"Atlanta, GA",Georgia,MSY,"New Orleans, LA",Louisiana,1740,1744,4.0,10.0,1754,1758,6.0,1817,1804,-13.0,0.0,"",0.0,97.0,80.0,64.0,425.0,"","","","","",2019-3-8,SAC-ATLDAC-MSYDIM-425.0
2019,3,8,5,DL,N991AT,1440,LGA,"New York, NY",New York,ORD,"Chicago, IL",Illinois,1715,1723,8.0,16.0,1739,1837,11.0,1851,1848,-3.0,0.0,"",0.0,156.0,145.0,118.0,733.0,"","","","","",2019-3-8,SAC-LGADAC-ORDDIM-733.0
2019,3,8,5,DL,N989DN,1593,DTW,"Detroit, MI",Michigan,IND,"Indianapolis, IN",Indiana,1745,1740,-5.0,17.0,1757,1840,4.0,1854,1844,-10.0,0.0,"",0.0,69.0,64.0,43.0,231.0,"","","","","",2019-3-8,SAC-DTWDAC-INDDIM-231.0
2019,3,8,5,DL,N913DL,1617,ATL,"Atlanta, GA",Georgia,SAV,"Savannah, GA",Georgia,1712,1740,28.0,10.0,1750,1827,5.0,1817,1832,15.0,0.0,"",0.0,65.0,52.0,37.0,214.0,0.0,15.0,0.0,0.0,0.0,2019-3-8,SAC-ATLDAC-SAVDIM-214.0
2019,3,8,5,DL,N964DL,1739,ATL,"Atlanta, GA",Georgia,PNS,"Pensacola, FL",Florida,1817,1811,-6.0,14.0,1825,1812,4.0,1830,1816,-14.0,0.0,"",0.0,73.0,65.0,47.0,271.0,"","","","","",2019-3-8,SAC-ATLDAC-PNSDIM-271.0
2019,3,8,5,DL,N375DA,1745,SLC,"Salt Lake City, UT",Utah,SEA,"Seattle, WA",Washington,1705,1716,11.0,39.0,1755,1834,10.0,1821,1844,23.0,0.0,"",0.0,136.0,148.0,99.0,689.0,11.0,0.0,12.0,0.0,0.0,2019-3-8,SAC-SLCDAC-SEADIM-689.0
2019,3,8,5,DL,N905DE,1867,ATL,"Atlanta, GA",Georgia,MEM,"Memphis, TN",Tennessee,1730,1727,-3.0,13.0,1740,1736,2.0,1753,1738,-15.0,0.0,"",0.0,83.0,71.0,56.0,332.0,"","","","","",2019-3-8,SAC-ATLDAC-MEMDIM-332.0
2019,3,8,5,DL,N347NW,1895,ATL,"Atlanta, GA",Georgia,COS,"Colorado Springs, CO",Colorado,1723,1720,-3.0,11.0,1731,1812,5.0,1845,1817,-28.0,0.0,"",0.0,202.0,177.0,161.0,1184.0,"","","","","",2019-3-8,SAC-ATLDAC-COSDIM-1184.0
2019,3,8,5,DL,N995DL,1930,CHA,"Chattanooga, TN",Tennessee,ATL,"Atlanta, GA",Georgia,1545,1744,119.0,11.0,1755,1821,6.0,1640,1827,107.0,0.0,"",0.0,55.0,43.0,26.0,106.0,0.0,0.0,0.0,0.0,107.0,2019-3-8,SAC-CHADAC-ATLDIM-106.0
2019,3,8,5,DL,N353NB,2008,DTW,"Detroit, MI",Michigan,MKE,"Milwaukee, WI",Wisconsin,1740,1739,-1.0,11.0,1750,1732,4.0,1745,1736,-9.0,0.0,"",0.0,65.0,57.0,42.0,237.0,"","","","","",2019-3-8,SAC-DTWDAC-MKEDIM-237.0
2019,3,8,5,DL,N907DL,2012,ATL,"Atlanta, GA",Georgia,JAN,"Jackson/Vicksburg, MS",Mississippi,1752,1750,-2.0,9.0,1759,1753,4.0,1815,1757,-18.0,0.0,"",0.0,83.0,67.0,54.0,341.0,"","","","","",2019-3-8,SAC-ATLDAC-JANDIM-341.0
2019,3,8,5,DL,N903DN,2239,CHS,"Charleston, SC",South Carolina,ATL,"Atlanta, GA",Georgia,1720,1713,-7.0,11.0,1724,1809,11.0,1846,1820,-26.0,0.0,"",0.0,86.0,67.0,45.0,259.0,"","","","","",2019-3-8,SAC-CHSDAC-ATLDIM-259.0
2019,3,8,5,EV,N903EV,4008,GSO,"Greensboro/High Point, NC",North Carolina,ORD,"Chicago, IL",Illinois,1725,1711,-14.0,17.0,1728,1815,36.0,1850,1851,1.0,0.0,"",0.0,145.0,160.0,107.0,589.0,"","","","","",2019-3-8,SAC-GSODAC-ORDDIM-589.0
2019,3,8,5,EV,N25134,4040,GPT,"Gulfport/Biloxi, MS",Mississippi,IAH,"Houston, TX",Texas,1726,1716,-10.0,15.0,1731,1836,8.0,1900,1844,-16.0,0.0,"",0.0,94.0,88.0,65.0,376.0,"","","","","",2019-3-8,SAC-GPTDAC-IAHDIM-376.0
2019,3,8,5,EV,N16559,4282,RIC,"Richmond, VA",Virginia,ORD,"Chicago, IL",Illinois,1715,1714,-1.0,17.0,1731,1832,10.0,1842,1842,0.0,0.0,"",0.0,147.0,148.0,121.0,642.0,"","","","","",2019-3-8,SAC-RICDAC-ORDDIM-642.0
2019,3,8,5,EV,N12540,4385,LCH,"Lake Charles, LA",Louisiana,IAH,"Houston, TX",Texas,1745,1731,-14.0,4.0,1735,1801,7.0,1840,1808,-32.0,0.0,"",0.0,55.0,37.0,26.0,127.0,"","","","","",2019-3-8,SAC-LCHDAC-IAHDIM-127.0
2019,3,8,5,EV,N14904,4389,EWR,"Newark, NJ",New Jersey,DCA,"Washington, DC",Virginia,1643,1728,45.0,23.0,1751,1836,19.0,1759,1855,56.0,0.0,"",0.0,76.0,87.0,45.0,199.0,0.0,0.0,56.0,0.0,0.0,2019-3-8,SAC-EWRDAC-DCADIM-199.0
2019,3,8,5,EV,N17196,4442,IAH,"Houston, TX",Texas,HOB,"Hobbs, NM",New Mexico,1820,1814,-6.0,16.0,1830,1822,39.0,1905,1901,-4.0,0.0,"",0.0,105.0,107.0,52.0,501.0,"","","","","",2019-3-8,SAC-IAHDAC-HOBDIM-501.0
2019,3,8,5,UA,N12754,1990,MFE,"Mission/McAllen/Edinburg, TX",Texas,IAH,"Houston, TX",Texas,1726,1723,-3.0,15.0,1738,1828,10.0,1843,1838,-5.0,0.0,"",0.0,77.0,75.0,50.0,316.0,"","","","","",2019-3-8,SAC-MFEDAC-IAHDIM-316.0
2019,3,8,5,UA,N415UA,1894,MSY,"New Orleans, LA",Louisiana,IAH,"Houston, TX",Texas,1715,1712,-3.0,28.0,1740,1833,15.0,1842,1848,6.0,0.0,"",0.0,87.0,96.0,53.0,305.0,"","","","","",2019-3-8,SAC-MSYDAC-IAHDIM-305.0
2019,3,8,5,UA,N422UA,1840,MCI,"Kansas City, MO",Missouri,DEN,"Denver, CO",Colorado,1709,1708,-1.0,14.0,1722,1747,28.0,1803,1815,12.0,0.0,"",0.0,114.0,127.0,85.0,533.0,"","","","","",2019-3-8,SAC-MCIDAC-DENDIM-533.0
2019,3,8,5,UA,N808UA,1808,IAD,"Washington, DC",Virginia,BNA,"Nashville, TN",Tennessee,1705,1700,-5.0,35.0,1735,1757,8.0,1758,1805,7.0,0.0,"",0.0,113.0,125.0,82.0,542.0,"","","","","",2019-3-8,SAC-IADDAC-BNADIM-542.0
2019,3,8,5,UA,N417UA,736,SAN,"San Diego, CA",California,SFO,"San Francisco, CA",California,1715,1716,1.0,12.0,1728,1838,7.0,1849,1845,-4.0,0.0,"",0.0,94.0,89.0,70.0,447.0,"","","","","",2019-3-8,SAC-SANDAC-SFODIM-447.0
2019,3,8,5,UA,N453UA,708,AUS,"Austin, TX",Texas,LAX,"Los Angeles, CA",California,1624,1713,49.0,13.0,1726,1837,6.0,1754,1843,49.0,0.0,"",0.0,210.0,210.0,191.0,1242.0,7.0,0.0,0.0,0.0,42.0,2019-3-8,SAC-AUSDAC-LAXDIM-1242.0
2019,3,8,5,UA,N26208,630,AUS,"Austin, TX",Texas,IAH,"Houston, TX",Texas,1747,1739,-8.0,16.0,1755,1835,14.0,1850,1849,-1.0,0.0,"",0.0,63.0,70.0,40.0,140.0,"","","","","",2019-3-8,SAC-AUSDAC-IAHDIM-140.0
2019,3,8,5,UA,N25705,623,DCA,"Washington, DC",Virginia,ORD,"Chicago, IL",Illinois,1645,1703,18.0,45.0,1748,1836,18.0,1801,1854,53.0,0.0,"",0.0,136.0,171.0,108.0,612.0,0.0,18.0,35.0,0.0,0.0,2019-3-8,SAC-DCADAC-ORDDIM-612.0
2019,3,8,5,UA,N442UA,563,PHL,"Philadelphia, PA",Pennsylvania,ORD,"Chicago, IL",Illinois,1720,1720,0.0,11.0,1731,1825,18.0,1847,1843,-4.0,0.0,"",0.0,147.0,143.0,114.0,678.0,"","","","","",2019-3-8,SAC-PHLDAC-ORDDIM-678.0
2019,3,8,5,UA,N425UA,511,IAD,"Washington, DC",Virginia,ORD,"Chicago, IL",Illinois,1720,1723,3.0,29.0,1752,1839,17.0,1834,1856,22.0,0.0,"",0.0,134.0,153.0,107.0,588.0,0.0,0.0,22.0,0.0,0.0,2019-3-8,SAC-IADDAC-ORDDIM-588.0
2019,3,8,5,UA,N75854,407,ORD,"Chicago, IL",Illinois,DEN,"Denver, CO",Colorado,1600,1715,75.0,12.0,1727,1838,25.0,1736,1903,87.0,0.0,"",0.0,156.0,168.0,131.0,888.0,0.0,15.0,12.0,0.0,60.0,2019-3-8,SAC-ORDDAC-DENDIM-888.0
2019,3,8,5,UA,N447UA,350,RDU,"Raleigh/Durham, NC",North Carolina,ORD,"Chicago, IL",Illinois,1715,1714,-1.0,21.0,1735,1840,18.0,1840,1858,18.0,0.0,"",0.0,145.0,164.0,125.0,646.0,0.0,0.0,18.0,0.0,0.0,2019-3-8,SAC-RDUDAC-ORDDIM-646.0
2019,3,8,5,UA,N77535,229,SFO,"San Francisco, CA",California,LAX,"Los Angeles, CA",California,1700,1653,-7.0,40.0,1733,1829,14.0,1844,1843,-1.0,0.0,"",0.0,104.0,110.0,56.0,337.0,"","","","","",2019-3-8,SAC-SFODAC-LAXDIM-337.0
2019,3,8,5,DL,N717JL,2451,CLT,"Charlotte, NC",North Carolina,ATL,"Atlanta, GA",Georgia,1735,1730,-5.0,16.0,1746,1830,10.0,1852,1840,-12.0,0.0,"",0.0,77.0,70.0,44.0,226.0,"","","","","",2019-3-8,SAC-CLTDAC-ATLDIM-226.0
2019,3,8,5,DL,N954AT,2480,GRR,"Grand Rapids, MI",Michigan,MSP,"Minneapolis, MN",Minnesota,1815,1808,-7.0,8.0,1816,1830,8.0,1854,1838,-16.0,0.0,"",0.0,99.0,90.0,74.0,408.0,"","","","","",2019-3-8,SAC-GRRDAC-MSPDIM-408.0
2019,3,8,5,DL,N987DN,2527,MSP,"Minneapolis, MN",Minnesota,ORD,"Chicago, IL",Illinois,1735,1733,-2.0,15.0,1748,1839,13.0,1911,1852,-19.0,0.0,"",0.0,96.0,79.0,51.0,334.0,"","","","","",2019-3-8,SAC-MSPDAC-ORDDIM-334.0
2019,3,8,5,DL,N933AT,2546,LAX,"Los Angeles, CA",California,SFO,"San Francisco, CA",California,1729,1724,-5.0,16.0,1740,1836,9.0,1901,1845,-16.0,0.0,"",0.0,92.0,81.0,56.0,337.0,"","","","","",2019-3-8,SAC-LAXDAC-SFODIM-337.0
2019,3,8,5,DL,N330NB,2570,DTW,"Detroit, MI",Michigan,ORD,"Chicago, IL",Illinois,1755,1759,4.0,16.0,1815,1802,23.0,1815,1825,10.0,0.0,"",0.0,80.0,86.0,47.0,235.0,"","","","","",2019-3-8,SAC-DTWDAC-ORDDIM-235.0
2019,3,8,5,DL,N913DE,2728,SDF,"Louisville, KY",Kentucky,ATL,"Atlanta, GA",Georgia,1706,1714,8.0,10.0,1724,1820,6.0,1833,1826,-7.0,0.0,"",0.0,87.0,72.0,56.0,321.0,"","","","","",2019-3-8,SAC-SDFDAC-ATLDIM-321.0
2019,3,8,5,DL,N966AT,2897,DTW,"Detroit, MI",Michigan,STL,"St. Louis, MO",Missouri,1745,1741,-4.0,15.0,1756,1811,5.0,1826,1816,-10.0,0.0,"",0.0,101.0,95.0,75.0,440.0,"","","","","",2019-3-8,SAC-DTWDAC-STLDIM-440.0
2019,3,8,5,DL,N996DL,2937,AGS,"Augusta, GA",Georgia,ATL,"Atlanta, GA",Georgia,1742,1735,-7.0,18.0,1753,1823,8.0,1854,1831,-23.0,0.0,"",0.0,72.0,56.0,30.0,143.0,"","","","","",2019-3-8,SAC-AGSDAC-ATLDIM-143.0
2019,3,8,5,DL,N906AT,2947,SLC,"Salt Lake City, UT",Utah,DEN,"Denver, CO",Colorado,1700,1702,2.0,24.0,1726,1826,14.0,1830,1840,10.0,0.0,"",0.0,90.0,98.0,60.0,391.0,"","","","","",2019-3-8,SAC-SLCDAC-DENDIM-391.0
2019,3,8,5,DL,N925DN,2970,ATL,"Atlanta, GA",Georgia,BNA,"Nashville, TN",Tennessee,1800,1759,-1.0,12.0,1811,1754,7.0,1809,1801,-8.0,0.0,"",0.0,69.0,62.0,43.0,214.0,"","","","","",2019-3-8,SAC-ATLDAC-BNADIM-214.0
2019,3,8,5,OO,N873AS,4052,AVL,"Asheville, NC",North Carolina,ATL,"Atlanta, GA",Georgia,1524,1711,107.0,24.0,1735,1810,7.0,1630,1817,107.0,0.0,"",0.0,66.0,66.0,35.0,164.0,3.0,0.0,0.0,0.0,104.0,2019-3-8,SAC-AVLDAC-ATLDIM-164.0
2019,3,8,5,OO,N979EV,4113,DAY,"Dayton, OH",Ohio,MSP,"Minneapolis, MN",Minnesota,1742,1735,-7.0,16.0,1751,1838,10.0,1844,1848,4.0,0.0,"",0.0,122.0,133.0,107.0,574.0,"","","","","",2019-3-8,SAC-DAYDAC-MSPDIM-574.0
2019,3,8,5,OO,N290SY,4197,JFK,"New York, NY",New York,BOS,"Boston, MA",Massachusetts,1730,1730,0.0,25.0,1755,1834,9.0,1856,1843,-13.0,0.0,"",0.0,86.0,73.0,39.0,187.0,"","","","","",2019-3-8,SAC-JFKDAC-BOSDIM-187.0
2019,3,8,5,OO,N269SY,4796,CMH,"Columbus, OH",Ohio,MSP,"Minneapolis, MN",Minnesota,1735,1727,-8.0,17.0,1744,1840,7.0,1849,1847,-2.0,0.0,"",0.0,134.0,140.0,116.0,626.0,"","","","","",2019-3-8,SAC-CMHDAC-MSPDIM-626.0
2019,3,8,5,OO,N433SW,4974,MSP,"Minneapolis, MN",Minnesota,RAP,"Rapid City, SD",South Dakota,1636,1723,47.0,13.0,1736,1755,4.0,1724,1759,35.0,0.0,"",0.0,108.0,96.0,79.0,489.0,0.0,0.0,0.0,0.0,35.0,2019-3-8,SAC-MSPDAC-RAPDIM-489.0
2019,3,8,5,OO,N918SW,5121,UIN,"Quincy, IL",Illinois,ORD,"Chicago, IL",Illinois,1723,1721,-2.0,8.0,1729,1806,13.0,1843,1819,-24.0,0.0,"",0.0,80.0,58.0,37.0,222.0,"","","","","",2019-3-8,SAC-UINDAC-ORDDIM-222.0
2019,3,8,5,OO,N946SW,5128,AVL,"Asheville, NC",North Carolina,ORD,"Chicago, IL",Illinois,1730,1720,-10.0,31.0,1751,1831,16.0,1850,1847,-3.0,0.0,"",0.0,140.0,147.0,100.0,536.0,"","","","","",2019-3-8,SAC-AVLDAC-ORDDIM-536.0
2019,3,8,5,OO,N938SW,5171,LBF,"North Platte, NE",Nebraska,DEN,"Denver, CO",Colorado,1620,1731,71.0,16.0,1747,1740,11.0,1628,1751,83.0,0.0,"",0.0,68.0,80.0,53.0,228.0,0.0,0.0,12.0,0.0,71.0,2019-3-8,SAC-LBFDAC-DENDIM-228.0
2019,3,8,5,OO,N965SW,5202,BIS,"Bismarck/Mandan, ND",North Dakota,DEN,"Denver, CO",Colorado,1707,1709,2.0,22.0,1731,1811,15.0,1800,1826,26.0,0.0,"",0.0,113.0,137.0,100.0,516.0,0.0,0.0,24.0,0.0,2.0,2019-3-8,SAC-BISDAC-DENDIM-516.0
2019,3,8,5,OO,N146SY,5219,PIT,"Pittsburgh, PA",Pennsylvania,ORD,"Chicago, IL",Illinois,1800,1800,0.0,11.0,1811,1830,17.0,1850,1847,-3.0,0.0,"",0.0,110.0,107.0,79.0,413.0,"","","","","",2019-3-8,SAC-PITDAC-ORDDIM-413.0
2019,3,8,5,OO,N206SY,5351,IND,"Indianapolis, IN",Indiana,ORD,"Chicago, IL",Illinois,1820,1820,0.0,14.0,1834,1820,18.0,1848,1838,-10.0,0.0,"",0.0,88.0,78.0,46.0,177.0,"","","","","",2019-3-8,SAC-INDDAC-ORDDIM-177.0
2019,3,8,5,OO,N908SW,5395,FAT,"Fresno, CA",California,SFO,"San Francisco, CA",California,1751,1746,-5.0,18.0,1804,1835,7.0,1855,1842,-13.0,0.0,"",0.0,64.0,56.0,31.0,158.0,"","","","","",2019-3-8,SAC-FATDAC-SFODIM-158.0
2019,3,8,5,OO,N785SK,5457,ORD,"Chicago, IL",Illinois,MSN,"Madison, WI",Wisconsin,1750,1750,0.0,15.0,1805,1831,4.0,1843,1835,-8.0,0.0,"",0.0,53.0,45.0,26.0,109.0,"","","","","",2019-3-8,SAC-ORDDAC-MSNDIM-109.0
2019,3,8,5,OO,N154SY,5463,SFO,"San Francisco, CA",California,SAN,"San Diego, CA",California,1705,1658,-7.0,37.0,1735,1838,4.0,1843,1842,-1.0,0.0,"",0.0,98.0,104.0,63.0,447.0,"","","","","",2019-3-8,SAC-SFODAC-SANDIM-447.0
2019,3,8,5,OO,N144SY,5702,SYR,"Syracuse, NY",New York,ORD,"Chicago, IL",Illinois,1730,1717,-13.0,21.0,1738,1818,17.0,1848,1835,-13.0,0.0,"",0.0,138.0,138.0,100.0,607.0,"","","","","",2019-3-8,SAC-SYRDAC-ORDDIM-607.0
2019,3,8,5,OO,N954SW,5712,COS,"Colorado Springs, CO",Colorado,DEN,"Denver, CO",Colorado,1710,1709,-1.0,26.0,1735,1752,32.0,1805,1824,19.0,0.0,"",0.0,55.0,75.0,17.0,73.0,0.0,0.0,19.0,0.0,0.0,2019-3-8,SAC-COSDAC-DENDIM-73.0
2019,3,8,5,OO,N982SW,5715,LAX,"Los Angeles, CA",California,FAT,"Fresno, CA",California,1725,1722,-3.0,23.0,1745,1825,4.0,1838,1829,-9.0,0.0,"",0.0,73.0,67.0,40.0,209.0,"","","","","",2019-3-8,SAC-LAXDAC-FATDIM-209.0
2019,3,8,5,OO,N132SY,5741,DTW,"Detroit, MI",Michigan,ORD,"Chicago, IL",Illinois,1705,1706,1.0,21.0,1727,1720,14.0,1730,1734,4.0,0.0,"",0.0,85.0,88.0,53.0,235.0,"","","","","",2019-3-8,SAC-DTWDAC-ORDDIM-235.0
2019,3,8,5,OO,N149SY,5750,BUF,"Buffalo, NY",New York,ORD,"Chicago, IL",Illinois,1745,1739,-6.0,20.0,1759,1825,15.0,1850,1840,-10.0,0.0,"",0.0,125.0,121.0,86.0,473.0,"","","","","",2019-3-8,SAC-BUFDAC-ORDDIM-473.0
2019,3,8,5,OO,N920SW,5753,SFO,"San Francisco, CA",California,RDD,"Redding, CA",California,1605,1738,93.0,25.0,1803,1839,4.0,1719,1843,84.0,0.0,"",0.0,74.0,65.0,36.0,199.0,84.0,0.0,0.0,0.0,0.0,2019-3-8,SAC-SFODAC-RDDDIM-199.0
2019,3,8,5,OO,N912SW,5791,SBN,"South Bend, IN",Indiana,ORD,"Chicago, IL",Illinois,1635,1753,78.0,8.0,1801,1733,35.0,1641,1808,87.0,0.0,"",0.0,66.0,75.0,32.0,84.0,0.0,0.0,9.0,0.0,78.0,2019-3-8,SAC-SBNDAC-ORDDIM-84.0
2019,3,8,5,OO,N923SW,5848,FSD,"Sioux Falls, SD",South Dakota,DEN,"Denver, CO",Colorado,1700,1658,-2.0,23.0,1721,1755,6.0,1753,1801,8.0,0.0,"",0.0,113.0,123.0,94.0,483.0,"","","","","",2019-3-8,SAC-FSDDAC-DENDIM-483.0
2019,3,8,5,OO,N792SK,5949,MMH,"Mammoth Lakes, CA",California,LAX,"Los Angeles, CA",California,1622,1704,42.0,17.0,1721,1810,14.0,1743,1824,41.0,0.0,"",0.0,81.0,80.0,49.0,256.0,4.0,0.0,0.0,0.0,37.0,2019-3-8,SAC-MMHDAC-LAXDIM-256.0
2019,3,8,5,OO,N8965E,7380,SLC,"Salt Lake City, UT",Utah,CDC,"Cedar City, UT",Utah,1710,1708,-2.0,23.0,1731,1808,4.0,1812,1812,0.0,0.0,"",0.0,62.0,64.0,37.0,221.0,"","","","","",2019-3-8,SAC-SLCDAC-CDCDIM-221.0
2019,3,8,5,OO,N430SW,7389,SLC,"Salt Lake City, UT",Utah,GJT,"Grand Junction, CO",Colorado,1700,1657,-3.0,28.0,1725,1811,5.0,1810,1816,6.0,0.0,"",0.0,70.0,79.0,46.0,216.0,"","","","","",2019-3-8,SAC-SLCDAC-GJTDIM-216.0
2019,3,8,5,OO,N916EV,7395,SLC,"Salt Lake City, UT",Utah,SGU,"St. George, UT",Utah,1700,1656,-4.0,26.0,1722,1807,3.0,1811,1810,-1.0,0.0,"",0.0,71.0,74.0,45.0,272.0,"","","","","",2019-3-8,SAC-SLCDAC-SGUDIM-272.0
2019,3,8,5,OO,N455SW,7429,SLC,"Salt Lake City, UT",Utah,PIH,"Pocatello, ID",Idaho,1710,1704,-6.0,46.0,1750,1816,2.0,1815,1818,3.0,0.0,"",0.0,65.0,74.0,26.0,150.0,"","","","","",2019-3-8,SAC-SLCDAC-PIHDIM-150.0
2019,3,8,5,OO,N468CA,7434,ITH,"Ithaca/Cortland, NY",New York,DTW,"Detroit, MI",Michigan,1735,1726,-9.0,12.0,1738,1838,6.0,1918,1844,-34.0,0.0,"",0.0,103.0,78.0,60.0,353.0,"","","","","",2019-3-8,SAC-ITHDAC-DTWDIM-353.0
2019,3,8,5,OO,N487CA,7439,INL,"International Falls, MN",Minnesota,MSP,"Minneapolis, MN",Minnesota,1741,1731,-10.0,5.0,1736,1824,5.0,1854,1829,-25.0,0.0,"",0.0,73.0,58.0,48.0,255.0,"","","","","",2019-3-8,SAC-INLDAC-MSPDIM-255.0
2019,3,8,5,9E,N833AY,3422,DTW,"Detroit, MI",Michigan,MBS,"Saginaw/Bay City/Midland, MI",Michigan,1545,1731,106.0,21.0,1752,1820,3.0,1638,1823,105.0,0.0,"",0.0,53.0,52.0,28.0,98.0,0.0,0.0,0.0,0.0,105.0,2019-3-8,SAC-DTWDAC-MBSDIM-98.0
2019,3,8,5,9E,N8980A,3482,ATL,"Atlanta, GA",Georgia,SHV,"Shreveport, LA",Louisiana,1731,1730,-1.0,11.0,1741,1808,4.0,1830,1812,-18.0,0.0,"",0.0,119.0,102.0,87.0,551.0,"","","","","",2019-3-8,SAC-ATLDAC-SHVDIM-551.0
2019,3,8,5,OH,N257PS,5402,DCA,"Washington, DC",Virginia,ROC,"Rochester, NY",New York,1520,1625,65.0,66.0,1731,1821,3.0,1638,1824,106.0,0.0,"",0.0,78.0,119.0,50.0,296.0,0.0,0.0,41.0,0.0,65.0,2019-3-8,SAC-DCADAC-ROCDIM-296.0
2019,3,8,5,NK,N649NK,917,DFW,"Dallas/Fort Worth, TX",Texas,DEN,"Denver, CO",Colorado,1754,1747,-7.0,15.0,1802,1838,12.0,1903,1850,-13.0,0.0,"",0.0,129.0,123.0,96.0,641.0,"","","","","",2019-3-8,SAC-DFWDAC-DENDIM-641.0
2019,3,8,5,NK,N693NK,975,DTW,"Detroit, MI",Michigan,DEN,"Denver, CO",Colorado,1734,1729,-5.0,8.0,1737,1836,14.0,1857,1850,-7.0,0.0,"",0.0,203.0,201.0,179.0,1123.0,"","","","","",2019-3-8,SAC-DTWDAC-DENDIM-1123.0
2019,3,8,5,AA,N949UW,688,BOS,"Boston, MA",Massachusetts,PHL,"Philadelphia, PA",Pennsylvania,1658,1701,3.0,19.0,1720,1828,3.0,1844,1831,-13.0,0.0,"",0.0,106.0,90.0,68.0,280.0,"","","","","",2019-3-8,SAC-BOSDAC-PHLDIM-280.0
2019,3,8,5,AA,N984TW,2594,DFW,"Dallas/Fort Worth, TX",Texas,AUS,"Austin, TX",Texas,1745,1744,-1.0,10.0,1754,1827,9.0,1843,1836,-7.0,0.0,"",0.0,58.0,52.0,33.0,190.0,"","","","","",2019-3-8,SAC-DFWDAC-AUSDIM-190.0
2019,3,8,5,G4,307NV,15,GJT,"Grand Junction, CO",Colorado,LAS,"Las Vegas, NV",Nevada,1735,1727,-8.0,10.0,1737,1746,5.0,1759,1751,-8.0,0.0,"",0.0,84.0,84.0,69.0,420.0,"","","","","",2019-3-8,SAC-GJTDAC-LASDIM-420.0
2019,3,8,5,OH,N514AE,5196,CLT,"Charlotte, NC",North Carolina,OAJ,"Jacksonville/Camp Lejeune, NC",North Carolina,1750,1748,-2.0,9.0,1757,1830,2.0,1846,1832,-14.0,0.0,"",0.0,56.0,44.0,33.0,191.0,"","","","","",2019-3-8,SAC-CLTDAC-OAJDIM-191.0
2019,3,8,5,OH,N524EA,5210,CLT,"Charlotte, NC",North Carolina,CHA,"Chattanooga, TN",Tennessee,1719,1716,-3.0,15.0,1731,1821,5.0,1826,1826,0.0,0.0,"",0.0,67.0,70.0,50.0,241.0,"","","","","",2019-3-8,SAC-CLTDAC-CHADIM-241.0
2019,3,8,5,OH,N570NN,5709,CLT,"Charlotte, NC",North Carolina,VPS,"Valparaiso, FL",Florida,1741,1746,5.0,15.0,1801,1815,7.0,1826,1822,-4.0,0.0,"",0.0,105.0,96.0,74.0,460.0,"","","","","",2019-3-8,SAC-CLTDAC-VPSDIM-460.0
2019,3,8,5,B6,N231JB,105,JFK,"New York, NY",New York,ORD,"Chicago, IL",Illinois,1600,1710,70.0,21.0,1731,1836,29.0,1800,1905,65.0,0.0,"",0.0,180.0,175.0,125.0,740.0,65.0,0.0,0.0,0.0,0.0,2019-3-8,SAC-JFKDAC-ORDDIM-740.0
2019,3,8,5,B6,N651JB,1135,STT,"Charlotte Amalie, VI",U.S. Virgin Islands,SJU,"San Juan, PR",Puerto Rico,1745,1735,-10.0,7.0,1742,1800,7.0,1824,1807,-17.0,0.0,"",0.0,39.0,32.0,18.0,68.0,"","","","","",2019-3-8,SAC-STTDAC-SJUDIM-68.0
2019,3,8,5,B6,N317JB,1232,LGA,"New York, NY",New York,BOS,"Boston, MA",Massachusetts,1735,1732,-3.0,21.0,1753,1834,26.0,1857,1900,3.0,0.0,"",0.0,82.0,88.0,41.0,184.0,"","","","","",2019-3-8,SAC-LGADAC-BOSDIM-184.0
2019,3,8,5,B6,N298JB,1331,BOS,"Boston, MA",Massachusetts,LGA,"New York, NY",New York,1710,1706,-4.0,17.0,1723,1809,3.0,1841,1812,-29.0,0.0,"",0.0,91.0,66.0,46.0,184.0,"","","","","",2019-3-8,SAC-BOSDAC-LGADIM-184.0
2019,3,8,5,AA,N193UW,501,LAX,"Los Angeles, CA",California,LAS,"Las Vegas, NV",Nevada,1655,1708,13.0,21.0,1729,1817,6.0,1809,1823,14.0,0.0,"",0.0,74.0,75.0,48.0,236.0,"","","","","",2019-3-8,SAC-LAXDAC-LASDIM-236.0
2019,3,8,5,AA,N711UW,1775,CLT,"Charlotte, NC",North Carolina,DCA,"Washington, DC",Virginia,1703,1714,11.0,19.0,1733,1824,4.0,1830,1828,-2.0,0.0,"",0.0,87.0,74.0,51.0,331.0,"","","","","",2019-3-8,SAC-CLTDAC-DCADIM-331.0
2019,3,8,5,AA,N812NN,311,SAT,"San Antonio, TX",Texas,DFW,"Dallas/Fort Worth, TX",Texas,1744,1743,-1.0,12.0,1755,1836,6.0,1859,1842,-17.0,0.0,"",0.0,75.0,59.0,41.0,247.0,"","","","","",2019-3-8,SAC-SATDAC-DFWDIM-247.0
2019,3,8,5,AA,N832AW,888,MIA,"Miami, FL",Florida,TPA,"Tampa, FL",Florida,1544,1722,98.0,13.0,1735,1818,4.0,1648,1822,94.0,0.0,"",0.0,64.0,60.0,43.0,204.0,2.0,0.0,0.0,0.0,92.0,2019-3-8,SAC-MIADAC-TPADIM-204.0
2019,3,8,5,YX,N882RW,5907,PHL,"Philadelphia, PA",Pennsylvania,BOS,"Boston, MA",Massachusetts,1710,1706,-4.0,32.0,1738,1832,17.0,1835,1849,14.0,0.0,"",0.0,85.0,103.0,54.0,280.0,"","","","","",2019-3-8,SAC-PHLDAC-BOSDIM-280.0
2019,3,8,5,YX,N880RW,5944,LGA,"New York, NY",New York,DCA,"Washington, DC",Virginia,1659,1659,0.0,36.0,1735,1826,24.0,1827,1850,23.0,0.0,"",0.0,88.0,111.0,51.0,214.0,0.0,0.0,23.0,0.0,0.0,2019-3-8,SAC-LGADAC-DCADIM-214.0
2019,3,8,5,YX,N870RW,5966,DCA,"Washington, DC",Virginia,MSN,"Madison, WI",Wisconsin,1510,1638,88.0,42.0,1720,1810,5.0,1633,1815,102.0,0.0,"",0.0,143.0,157.0,110.0,707.0,8.0,11.0,14.0,0.0,69.0,2019-3-8,SAC-DCADAC-MSNDIM-707.0
2019,3,8,5,YX,N202JQ,6004,BOS,"Boston, MA",Massachusetts,LGA,"New York, NY",New York,1559,1719,80.0,31.0,1750,1837,8.0,1716,1845,89.0,0.0,"",0.0,77.0,86.0,47.0,184.0,80.0,0.0,9.0,0.0,0.0,2019-3-8,SAC-BOSDAC-LGADIM-184.0
2019,3,8,5,YX,N212JQ,6120,BOS,"Boston, MA",Massachusetts,LGA,"New York, NY",New York,1700,1713,13.0,27.0,1740,1825,8.0,1826,1833,7.0,0.0,"",0.0,86.0,80.0,45.0,184.0,"","","","","",2019-3-8,SAC-BOSDAC-LGADIM-184.0
2019,3,8,5,YX,N413YX,4413,EYW,"Key West, FL",Florida,MIA,"Miami, FL",Florida,1727,1725,-2.0,11.0,1736,1803,9.0,1815,1812,-3.0,0.0,"",0.0,48.0,47.0,27.0,125.0,"","","","","",2019-3-8,SAC-EYWDAC-MIADIM-125.0
2019,3,8,5,YX,N406YX,4481,MIA,"Miami, FL",Florida,EYW,"Key West, FL",Florida,1744,1740,-4.0,20.0,1800,1832,3.0,1839,1835,-4.0,0.0,"",0.0,55.0,55.0,32.0,125.0,"","","","","",2019-3-8,SAC-MIADAC-EYWDIM-125.0
2019,3,8,5,YX,N728YX,3469,ATL,"Atlanta, GA",Georgia,IAH,"Houston, TX",Texas,1740,1734,-6.0,12.0,1746,1838,8.0,1859,1846,-13.0,0.0,"",0.0,139.0,132.0,112.0,689.0,"","","","","",2019-3-8,SAC-ATLDAC-IAHDIM-689.0
2019,3,8,5,YX,N743YX,3646,EWR,"Newark, NJ",New Jersey,ORF,"Norfolk, VA",Virginia,1715,1710,-5.0,33.0,1743,1837,7.0,1845,1844,-1.0,0.0,"",0.0,90.0,94.0,54.0,284.0,"","","","","",2019-3-8,SAC-EWRDAC-ORFDIM-284.0
2019,3,8,5,OO,N764SK,3040,ORD,"Chicago, IL",Illinois,LSE,"La Crosse, WI",Wisconsin,1640,1739,59.0,17.0,1756,1838,2.0,1752,1840,48.0,0.0,"",0.0,72.0,61.0,42.0,215.0,0.0,0.0,0.0,0.0,48.0,2019-3-8,SAC-ORDDAC-LSEDIM-215.0
2019,3,8,5,OO,N748SK,3055,PHX,"Phoenix, AZ",Arizona,PSP,"Palm Springs, CA",California,1745,1749,4.0,14.0,1803,1749,5.0,1752,1754,2.0,0.0,"",0.0,67.0,65.0,46.0,261.0,"","","","","",2019-3-8,SAC-PHXDAC-PSPDIM-261.0
2019,3,8,5,OO,N760SK,3069,TUS,"Tucson, AZ",Arizona,PHX,"Phoenix, AZ",Arizona,1742,1741,-1.0,21.0,1802,1829,10.0,1845,1839,-6.0,0.0,"",0.0,63.0,58.0,27.0,110.0,"","","","","",2019-3-8,SAC-TUSDAC-PHXDIM-110.0
2019,3,8,5,OO,N594SW,3128,PIB,"Hattiesburg/Laurel, MS",Mississippi,MEI,"Meridian, MS",Mississippi,1725,1720,-5.0,23.0,1743,1807,7.0,1806,1814,8.0,0.0,"",0.0,41.0,54.0,24.0,69.0,"","","","","",2019-3-8,SAC-PIBDAC-MEIDIM-69.0
2019,3,8,5,OO,N709SK,3141,IND,"Indianapolis, IN",Indiana,ORD,"Chicago, IL",Illinois,1731,1734,3.0,14.0,1748,1731,15.0,1745,1746,1.0,0.0,"",0.0,74.0,72.0,43.0,177.0,"","","","","",2019-3-8,SAC-INDDAC-ORDDIM-177.0
2019,3,8,5,OO,N730SK,3163,DFW,"Dallas/Fort Worth, TX",Texas,SAF,"Santa Fe, NM",New Mexico,1456,1729,153.0,31.0,1800,1832,6.0,1550,1838,168.0,0.0,"",0.0,114.0,129.0,92.0,551.0,153.0,0.0,15.0,0.0,0.0,2019-3-8,SAC-DFWDAC-SAFDIM-551.0
2019,3,8,5,OO,N753SK,3200,LAW,"Lawton/Fort Sill, OK",Oklahoma,DFW,"Dallas/Fort Worth, TX",Texas,1704,1700,-4.0,35.0,1735,1801,9.0,1800,1810,10.0,0.0,"",0.0,56.0,70.0,26.0,140.0,"","","","","",2019-3-8,SAC-LAWDAC-DFWDIM-140.0
2019,3,8,5,OO,N184SY,3372,STS,"Santa Rosa, CA",California,LAX,"Los Angeles, CA",California,1720,1707,-13.0,29.0,1736,1836,16.0,1855,1852,-3.0,0.0,"",0.0,95.0,105.0,60.0,400.0,"","","","","",2019-3-8,SAC-STSDAC-LAXDIM-400.0
2019,3,8,5,OO,N404SY,3411,SNA,"Santa Ana, CA",California,SJC,"San Jose, CA",California,1700,1647,-13.0,33.0,1720,1824,5.0,1825,1829,4.0,0.0,"",0.0,85.0,102.0,64.0,342.0,"","","","","",2019-3-8,SAC-SNADAC-SJCDIM-342.0
2019,3,8,5,OO,N702BR,3505,ATL,"Atlanta, GA",Georgia,DHN,"Dothan, AL",Alabama,1754,1757,3.0,8.0,1805,1736,1.0,1753,1737,-16.0,0.0,"",0.0,59.0,40.0,31.0,170.0,"","","","","",2019-3-8,SAC-ATLDAC-DHNDIM-170.0
2019,3,8,5,OO,N494CA,3520,DTW,"Detroit, MI",Michigan,AZO,"Kalamazoo, MI",Michigan,1716,1713,-3.0,13.0,1726,1753,5.0,1803,1758,-5.0,0.0,"",0.0,47.0,45.0,27.0,113.0,"","","","","",2019-3-8,SAC-DTWDAC-AZODIM-113.0
2019,3,8,5,OO,N604SK,3526,MSP,"Minneapolis, MN",Minnesota,OMA,"Omaha, NE",Nebraska,1530,1705,95.0,17.0,1722,1811,3.0,1649,1814,85.0,0.0,"",0.0,79.0,69.0,49.0,282.0,6.0,0.0,0.0,0.0,79.0,2019-3-8,SAC-MSPDAC-OMADIM-282.0
2019,3,8,5,OO,N822SK,3542,SLC,"Salt Lake City, UT",Utah,OAK,"Oakland, CA",California,1705,1705,0.0,29.0,1734,1807,5.0,1809,1812,3.0,0.0,"",0.0,124.0,127.0,93.0,588.0,"","","","","",2019-3-8,SAC-SLCDAC-OAKDIM-588.0
2019,3,8,5,OO,N283SY,3550,LGA,"New York, NY",New York,BNA,"Nashville, TN",Tennessee,1639,1702,23.0,25.0,1727,1823,10.0,1820,1833,13.0,0.0,"",0.0,161.0,151.0,116.0,764.0,"","","","","",2019-3-8,SAC-LGADAC-BNADIM-764.0
2019,3,8,5,OO,N256SY,3570,PDX,"Portland, OR",Oregon,SEA,"Seattle, WA",Washington,1655,1707,12.0,14.0,1721,1754,8.0,1753,1802,9.0,0.0,"",0.0,58.0,55.0,33.0,129.0,"","","","","",2019-3-8,SAC-PDXDAC-SEADIM-129.0
2019,3,8,5,OO,N614SK,3648,TUS,"Tucson, AZ",Arizona,LAX,"Los Angeles, CA",California,1800,1744,-16.0,32.0,1816,1836,9.0,1841,1845,4.0,0.0,"",0.0,101.0,121.0,80.0,451.0,"","","","","",2019-3-8,SAC-TUSDAC-LAXDIM-451.0
2019,3,8,5,OO,N260SY,3662,LAS,"Las Vegas, NV",Nevada,SNA,"Santa Ana, CA",California,1730,1725,-5.0,21.0,1746,1828,5.0,1839,1833,-6.0,0.0,"",0.0,69.0,68.0,42.0,226.0,"","","","","",2019-3-8,SAC-LASDAC-SNADIM-226.0
2019,3,8,5,OO,N448SW,3724,DTW,"Detroit, MI",Michigan,LAN,"Lansing, MI",Michigan,1740,1740,0.0,17.0,1757,1818,6.0,1826,1824,-2.0,0.0,"",0.0,46.0,44.0,21.0,74.0,"","","","","",2019-3-8,SAC-DTWDAC-LANDIM-74.0
2019,3,8,5,OO,N815SK,3890,DTW,"Detroit, MI",Michigan,MSN,"Madison, WI",Wisconsin,1740,1800,20.0,11.0,1811,1804,4.0,1759,1808,9.0,0.0,"",0.0,79.0,68.0,53.0,311.0,"","","","","",2019-3-8,SAC-DTWDAC-MSNDIM-311.0
2019,3,8,5,OO,N8903A,3929,BIS,"Bismarck/Mandan, ND",North Dakota,MSP,"Minneapolis, MN",Minnesota,1712,1705,-7.0,19.0,1724,1828,7.0,1844,1835,-9.0,0.0,"",0.0,92.0,90.0,64.0,386.0,"","","","","",2019-3-8,SAC-BISDAC-MSPDIM-386.0
2019,3,8,5,OO,N913EV,3957,SLC,"Salt Lake City, UT",Utah,IDA,"Idaho Falls, ID",Idaho,1700,1655,-5.0,39.0,1734,1816,3.0,1806,1819,13.0,0.0,"",0.0,66.0,84.0,42.0,188.0,"","","","","",2019-3-8,SAC-SLCDAC-IDADIM-188.0
2019,3,8,5,OH,N591NN,5601,DAB,"Daytona Beach, FL",Florida,CLT,"Charlotte, NC",North Carolina,1659,1714,15.0,8.0,1722,1835,9.0,1845,1844,-1.0,0.0,"",0.0,106.0,90.0,73.0,416.0,"","","","","",2019-3-8,SAC-DABDAC-CLTDIM-416.0
2019,3,8,5,B6,N339JB,2459,BOS,"Boston, MA",Massachusetts,PHL,"Philadelphia, PA",Pennsylvania,1616,1715,59.0,15.0,1730,1836,19.0,1802,1855,53.0,0.0,"",0.0,106.0,100.0,66.0,280.0,53.0,0.0,0.0,0.0,0.0,2019-3-8,SAC-BOSDAC-PHLDIM-280.0
2019,3,8,5,AA,N758US,404,CLT,"Charlotte, NC",North Carolina,IND,"Indianapolis, IN",Indiana,1654,1700,6.0,20.0,1720,1836,5.0,1837,1841,4.0,0.0,"",0.0,103.0,101.0,76.0,427.0,"","","","","",2019-3-8,SAC-CLTDAC-INDDIM-427.0
2019,3,8,5,AA,N197UW,2099,PHX,"Phoenix, AZ",Arizona,LAX,"Los Angeles, CA",California,1810,1808,-2.0,19.0,1827,1832,13.0,1845,1845,0.0,0.0,"",0.0,95.0,97.0,65.0,370.0,"","","","","",2019-3-8,SAC-PHXDAC-LAXDIM-370.0
2019,3,8,5,9E,N8688C,5460,DTW,"Detroit, MI",Michigan,CMH,"Columbus, OH",Ohio,1750,1745,-5.0,19.0,1804,1833,2.0,1848,1835,-13.0,0.0,"",0.0,58.0,50.0,29.0,155.0,"","","","","",2019-3-8,SAC-DTWDAC-CMHDIM-155.0
2019,3,8,5,9E,N298PQ,5198,DTW,"Detroit, MI",Michigan,PIT,"Pittsburgh, PA",Pennsylvania,1750,1747,-3.0,15.0,1802,1839,21.0,1854,1900,6.0,0.0,"",0.0,64.0,73.0,37.0,201.0,"","","","","",2019-3-8,SAC-DTWDAC-PITDIM-201.0
2019,3,8,5,9E,N8837B,5242,CVG,"Cincinnati, OH",Kentucky,ORD,"Chicago, IL",Illinois,1822,1817,-5.0,13.0,1830,1827,20.0,1859,1847,-12.0,0.0,"",0.0,97.0,90.0,57.0,264.0,"","","","","",2019-3-8,SAC-CVGDAC-ORDDIM-264.0
2019,3,8,5,WN,N484WN,2066,ABQ,"Albuquerque, NM",New Mexico,PHX,"Phoenix, AZ",Arizona,1710,1710,0.0,14.0,1724,1823,5.0,1830,1828,-2.0,0.0,"",0.0,80.0,78.0,59.0,328.0,"","","","","",2019-3-8,SAC-ABQDAC-PHXDIM-328.0
2019,3,8,5,WN,N461WN,1564,ALB,"Albany, NY",New York,MDW,"Chicago, IL",Illinois,1720,1723,3.0,8.0,1731,1825,2.0,1835,1827,-8.0,0.0,"",0.0,135.0,124.0,114.0,717.0,"","","","","",2019-3-8,SAC-ALBDAC-MDWDIM-717.0
2019,3,8,5,WN,N558WN,2434,ATL,"Atlanta, GA",Georgia,MSY,"New Orleans, LA",Louisiana,1750,1813,23.0,11.0,1824,1834,2.0,1825,1836,11.0,0.0,"",0.0,95.0,83.0,70.0,425.0,"","","","","",2019-3-8,SAC-ATLDAC-MSYDIM-425.0
2019,3,8,5,WN,N726SW,2050,AUS,"Austin, TX",Texas,DAL,"Dallas, TX",Texas,1705,1730,25.0,8.0,1738,1815,3.0,1810,1818,8.0,0.0,"",0.0,65.0,48.0,37.0,189.0,"","","","","",2019-3-8,SAC-AUSDAC-DALDIM-189.0
2019,3,8,5,WN,N417WN,864,AUS,"Austin, TX",Texas,ELP,"El Paso, TX",Texas,1730,1749,19.0,11.0,1800,1826,3.0,1810,1829,19.0,0.0,"",0.0,100.0,100.0,86.0,528.0,13.0,0.0,0.0,0.0,6.0,2019-3-8,SAC-AUSDAC-ELPDIM-528.0
2019,3,8,5,WN,N446WN,2323,BDL,"Hartford, CT",Connecticut,BWI,"Baltimore, MD",Maryland,1720,1723,3.0,11.0,1734,1826,5.0,1840,1831,-9.0,0.0,"",0.0,80.0,68.0,52.0,283.0,"","","","","",2019-3-8,SAC-BDLDAC-BWIDIM-283.0
2019,3,8,5,WN,N286WN,376,BUR,"Burbank, CA",California,LAS,"Las Vegas, NV",Nevada,1605,1710,65.0,13.0,1723,1806,5.0,1710,1811,61.0,0.0,"",0.0,65.0,61.0,43.0,223.0,61.0,0.0,0.0,0.0,0.0,2019-3-8,SAC-BURDAC-LASDIM-223.0
2019,3,8,5,WN,N799SW,1261,BWI,"Baltimore, MD",Maryland,CLE,"Cleveland, OH",Ohio,1710,1707,-3.0,19.0,1726,1821,3.0,1830,1824,-6.0,0.0,"",0.0,80.0,77.0,55.0,314.0,"","","","","",2019-3-8,SAC-BWIDAC-CLEDIM-314.0
2019,3,8,5,WN,N770SA,374,BWI,"Baltimore, MD",Maryland,ORF,"Norfolk, VA",Virginia,1625,1700,35.0,20.0,1720,1755,3.0,1725,1758,33.0,0.0,"",0.0,60.0,58.0,35.0,159.0,0.0,0.0,0.0,0.0,33.0,2019-3-8,SAC-BWIDAC-ORFDIM-159.0
2019,3,8,5,WN,N570WN,904,CLE,"Cleveland, OH",Ohio,MDW,"Chicago, IL",Illinois,1810,1825,15.0,13.0,1838,1833,2.0,1830,1835,5.0,0.0,"",0.0,80.0,70.0,55.0,307.0,"","","","","",2019-3-8,SAC-CLEDAC-MDWDIM-307.0
2019,3,8,5,WN,N761RR,358,CMH,"Columbus, OH",Ohio,DCA,"Washington, DC",Virginia,1745,1742,-3.0,10.0,1752,1840,32.0,1905,1912,7.0,0.0,"",0.0,80.0,90.0,48.0,323.0,"","","","","",2019-3-8,SAC-CMHDAC-DCADIM-323.0
2019,3,8,5,WN,N8515X,2532,CVG,"Cincinnati, OH",Kentucky,MDW,"Chicago, IL",Illinois,1805,1808,3.0,9.0,1817,1805,9.0,1815,1814,-1.0,0.0,"",0.0,70.0,66.0,48.0,249.0,"","","","","",2019-3-8,SAC-CVGDAC-MDWDIM-249.0
2019,3,8,5,WN,N466WN,360,DAL,"Dallas, TX",Texas,AMA,"Amarillo, TX",Texas,1720,1726,6.0,11.0,1737,1833,3.0,1835,1836,1.0,0.0,"",0.0,75.0,70.0,56.0,323.0,"","","","","",2019-3-8,SAC-DALDAC-AMADIM-323.0
2019,3,8,5,WN,N729SW,2485,DAL,"Dallas, TX",Texas,ELP,"El Paso, TX",Texas,1630,1719,49.0,9.0,1728,1756,2.0,1715,1758,43.0,0.0,"",0.0,105.0,99.0,88.0,562.0,32.0,0.0,0.0,0.0,11.0,2019-3-8,SAC-DALDAC-ELPDIM-562.0
2019,3,8,5,WN,N8534Z,45,DAL,"Dallas, TX",Texas,HOU,"Houston, TX",Texas,1730,1735,5.0,12.0,1747,1829,6.0,1840,1835,-5.0,0.0,"",0.0,70.0,60.0,42.0,239.0,"","","","","",2019-3-8,SAC-DALDAC-HOUDIM-239.0
2019,3,8,5,WN,N297WN,763,DEN,"Denver, CO",Colorado,LAS,"Las Vegas, NV",Nevada,1710,1746,36.0,12.0,1758,1833,7.0,1805,1840,35.0,0.0,"",0.0,115.0,114.0,95.0,628.0,14.0,0.0,0.0,0.0,21.0,2019-3-8,SAC-DENDAC-LASDIM-628.0
2019,3,8,5,WN,N8577Z,101,DTW,"Detroit, MI",Michigan,MDW,"Chicago, IL",Illinois,1810,1822,12.0,16.0,1838,1823,4.0,1825,1827,2.0,0.0,"",0.0,75.0,65.0,45.0,228.0,"","","","","",2019-3-8,SAC-DTWDAC-MDWDIM-228.0
2019,3,8,5,WN,N730SW,255,FLL,"Fort Lauderdale, FL",Florida,MCO,"Orlando, FL",Florida,1730,1734,4.0,18.0,1752,1833,7.0,1835,1840,5.0,0.0,"",0.0,65.0,66.0,41.0,177.0,"","","","","",2019-3-8,SAC-FLLDAC-MCODIM-177.0
2019,3,8,5,WN,N789SW,2399,FLL,"Fort Lauderdale, FL",Florida,MSY,"New Orleans, LA",Louisiana,1735,1733,-2.0,15.0,1748,1836,3.0,1850,1839,-11.0,0.0,"",0.0,135.0,126.0,108.0,674.0,"","","","","",2019-3-8,SAC-FLLDAC-MSYDIM-674.0
2019,3,8,5,WN,N7818L,449,GSP,"Greer, SC",South Carolina,ATL,"Atlanta, GA",Georgia,1745,1747,2.0,8.0,1755,1827,7.0,1850,1834,-16.0,0.0,"",0.0,65.0,47.0,32.0,153.0,"","","","","",2019-3-8,SAC-GSPDAC-ATLDIM-153.0
2019,3,8,5,WN,N771SA,46,HOU,"Houston, TX",Texas,DAL,"Dallas, TX",Texas,1730,1725,-5.0,12.0,1737,1821,11.0,1835,1832,-3.0,0.0,"",0.0,65.0,67.0,44.0,239.0,"","","","","",2019-3-8,SAC-HOUDAC-DALDIM-239.0
2019,3,8,5,WN,N7716A,1405,HOU,"Houston, TX",Texas,LAS,"Las Vegas, NV",Nevada,1705,1710,5.0,12.0,1722,1832,4.0,1825,1836,11.0,0.0,"",0.0,200.0,206.0,190.0,1235.0,"","","","","",2019-3-8,SAC-HOUDAC-LASDIM-1235.0
2019,3,8,5,WN,N464WN,1497,HOU,"Houston, TX",Texas,MSY,"New Orleans, LA",Louisiana,1700,1734,34.0,11.0,1745,1831,3.0,1805,1834,29.0,0.0,"",0.0,65.0,60.0,46.0,302.0,1.0,0.0,0.0,0.0,28.0,2019-3-8,SAC-HOUDAC-MSYDIM-302.0
2019,3,8,5,WN,N468WN,486,ICT,"Wichita, KS",Kansas,STL,"St. Louis, MO",Missouri,1720,1714,-6.0,9.0,1723,1818,3.0,1835,1821,-14.0,0.0,"",0.0,75.0,67.0,55.0,392.0,"","","","","",2019-3-8,SAC-ICTDAC-STLDIM-392.0
2019,3,8,5,WN,N788SA,1719,LAS,"Las Vegas, NV",Nevada,LGB,"Long Beach, CA",California,1710,1738,28.0,9.0,1747,1832,3.0,1815,1835,20.0,0.0,"",0.0,65.0,57.0,45.0,231.0,20.0,0.0,0.0,0.0,0.0,2019-3-8,SAC-LASDAC-LGBDIM-231.0
2019,3,8,5,WN,N7882B,516,LAS,"Las Vegas, NV",Nevada,RNO,"Reno, NV",Nevada,1630,1728,58.0,11.0,1739,1839,4.0,1750,1843,53.0,0.0,"",0.0,80.0,75.0,60.0,345.0,3.0,0.0,0.0,0.0,50.0,2019-3-8,SAC-LASDAC-RNODIM-345.0
2019,3,8,5,WN,N923WN,404,LAS,"Las Vegas, NV",Nevada,SAN,"San Diego, CA",California,1700,1721,21.0,12.0,1733,1816,2.0,1810,1818,8.0,0.0,"",0.0,70.0,57.0,43.0,258.0,"","","","","",2019-3-8,SAC-LASDAC-SANDIM-258.0
2019,3,8,5,WN,N7859B,853,LAS,"Las Vegas, NV",Nevada,SNA,"Santa Ana, CA",California,1700,1723,23.0,12.0,1735,1816,3.0,1805,1819,14.0,0.0,"",0.0,65.0,56.0,41.0,226.0,"","","","","",2019-3-8,SAC-LASDAC-SNADIM-226.0
2019,3,8,5,WN,N465WN,669,LAX,"Los Angeles, CA",California,SMF,"Sacramento, CA",California,1610,1709,59.0,11.0,1720,1829,3.0,1735,1832,57.0,0.0,"",0.0,85.0,83.0,69.0,373.0,22.0,0.0,0.0,0.0,35.0,2019-3-8,SAC-LAXDAC-SMFDIM-373.0
2019,3,8,5,WN,N728SW,1819,MDW,"Chicago, IL",Illinois,MCI,"Kansas City, MO",Missouri,1650,1713,23.0,9.0,1722,1834,4.0,1820,1838,18.0,0.0,"",0.0,90.0,85.0,72.0,405.0,18.0,0.0,0.0,0.0,0.0,2019-3-8,SAC-MDWDAC-MCIDIM-405.0
2019,3,8,5,WN,N8632A,2295,MEM,"Memphis, TN",Tennessee,HOU,"Houston, TX",Texas,1720,1714,-6.0,8.0,1722,1838,5.0,1900,1843,-17.0,0.0,"",0.0,100.0,89.0,76.0,484.0,"","","","","",2019-3-8,SAC-MEMDAC-HOUDIM-484.0
2019,3,8,5,WN,N7862A,1958,OAK,"Oakland, CA",California,BUR,"Burbank, CA",California,1720,1722,2.0,8.0,1730,1819,4.0,1830,1823,-7.0,0.0,"",0.0,70.0,61.0,49.0,325.0,"","","","","",2019-3-8,SAC-OAKDAC-BURDIM-325.0
2019,3,8,5,WN,N930WN,2187,OMA,"Omaha, NE",Nebraska,STL,"St. Louis, MO",Missouri,1725,1719,-6.0,7.0,1726,1814,3.0,1840,1817,-23.0,0.0,"",0.0,75.0,58.0,48.0,342.0,"","","","","",2019-3-8,SAC-OMADAC-STLDIM-342.0
2019,3,8,5,WN,N8329B,1467,PHL,"Philadelphia, PA",Pennsylvania,MDW,"Chicago, IL",Illinois,1705,1709,4.0,12.0,1721,1807,2.0,1820,1809,-11.0,0.0,"",0.0,135.0,120.0,106.0,668.0,"","","","","",2019-3-8,SAC-PHLDAC-MDWDIM-668.0
2019,3,8,5,WN,N708SW,2068,PHX,"Phoenix, AZ",Arizona,SAN,"San Diego, CA",California,1710,1736,26.0,7.0,1743,1736,3.0,1715,1739,24.0,0.0,"",0.0,65.0,63.0,53.0,304.0,9.0,0.0,0.0,0.0,15.0,2019-3-8,SAC-PHXDAC-SANDIM-304.0
2019,3,8,5,WN,N756SA,1669,PHX,"Phoenix, AZ",Arizona,SJC,"San Jose, CA",California,1630,1738,68.0,7.0,1745,1829,3.0,1720,1832,72.0,0.0,"",0.0,110.0,114.0,104.0,621.0,0.0,0.0,4.0,0.0,68.0,2019-3-8,SAC-PHXDAC-SJCDIM-621.0
2019,3,8,5,WN,N200WN,320,PHX,"Phoenix, AZ",Arizona,SLC,"Salt Lake City, UT",Utah,1650,1714,24.0,6.0,1720,1833,4.0,1820,1837,17.0,0.0,"",0.0,90.0,83.0,73.0,507.0,6.0,0.0,0.0,0.0,11.0,2019-3-8,SAC-PHXDAC-SLCDIM-507.0
2019,3,8,5,WN,N8522P,1885,PIT,"Pittsburgh, PA",Pennsylvania,BWI,"Baltimore, MD",Maryland,1755,1752,-3.0,7.0,1759,1839,10.0,1900,1849,-11.0,0.0,"",0.0,65.0,57.0,40.0,210.0,"","","","","",2019-3-8,SAC-PITDAC-BWIDIM-210.0
2019,3,8,5,WN,N563WN,511,PIT,"Pittsburgh, PA",Pennsylvania,MDW,"Chicago, IL",Illinois,1745,1758,13.0,17.0,1815,1827,2.0,1815,1829,14.0,0.0,"",0.0,90.0,91.0,72.0,402.0,"","","","","",2019-3-8,SAC-PITDAC-MDWDIM-402.0
2019,3,8,5,WN,N7707C,762,SAT,"San Antonio, TX",Texas,DAL,"Dallas, TX",Texas,1715,1727,12.0,9.0,1736,1825,2.0,1825,1827,2.0,0.0,"",0.0,70.0,60.0,49.0,248.0,"","","","","",2019-3-8,SAC-SATDAC-DALDIM-248.0
2019,3,8,5,WN,N562WN,1074,SDF,"Louisville, KY",Kentucky,LAS,"Las Vegas, NV",Nevada,1725,1724,-1.0,8.0,1732,1829,4.0,1835,1833,-2.0,0.0,"",0.0,250.0,249.0,237.0,1624.0,"","","","","",2019-3-8,SAC-SDFDAC-LASDIM-1624.0
2019,3,8,5,WN,N969WN,1971,SFO,"San Francisco, CA",California,BUR,"Burbank, CA",California,1640,1713,33.0,8.0,1721,1809,4.0,1805,1813,8.0,0.0,"",0.0,85.0,60.0,48.0,326.0,"","","","","",2019-3-8,SAC-SFODAC-BURDIM-326.0
2019,3,8,5,WN,N423WN,783,SJC,"San Jose, CA",California,BUR,"Burbank, CA",California,1715,1734,19.0,14.0,1748,1833,4.0,1820,1837,17.0,0.0,"",0.0,65.0,63.0,45.0,296.0,4.0,0.0,0.0,0.0,13.0,2019-3-8,SAC-SJCDAC-BURDIM-296.0
2019,3,8,5,WN,N769SW,435,SJC,"San Jose, CA",California,LAX,"Los Angeles, CA",California,1645,1720,35.0,15.0,1735,1827,7.0,1805,1834,29.0,0.0,"",0.0,80.0,74.0,52.0,308.0,0.0,0.0,17.0,0.0,12.0,2019-3-8,SAC-SJCDAC-LAXDIM-308.0
2019,3,8,5,WN,N732SW,6518,SMF,"Sacramento, CA",California,SAN,"San Diego, CA",California,1710,1721,11.0,8.0,1729,1834,3.0,1840,1837,-3.0,0.0,"",0.0,90.0,76.0,65.0,480.0,"","","","","",2019-3-8,SAC-SMFDAC-SANDIM-480.0
2019,3,8,5,WN,N412WN,796,SNA,"Santa Ana, CA",California,LAS,"Las Vegas, NV",Nevada,1645,1710,25.0,18.0,1728,1814,4.0,1750,1818,28.0,0.0,"",0.0,65.0,68.0,46.0,226.0,2.0,0.0,3.0,0.0,23.0,2019-3-8,SAC-SNADAC-LASDIM-226.0
2019,3,8,5,WN,N910WN,343,TPA,"Tampa, FL",Florida,BHM,"Birmingham, AL",Alabama,1730,1801,31.0,14.0,1815,1834,4.0,1800,1838,38.0,0.0,"",0.0,90.0,97.0,79.0,459.0,20.0,0.0,7.0,0.0,11.0,2019-3-8,SAC-TPADAC-BHMDIM-459.0
2019,3,8,5,WN,N258WN,2549,TUL,"Tulsa, OK",Oklahoma,STL,"St. Louis, MO",Missouri,1730,1725,-5.0,9.0,1734,1834,3.0,1840,1837,-3.0,0.0,"",0.0,70.0,72.0,60.0,351.0,"","","","","",2019-3-8,SAC-TULDAC-STLDIM-351.0
2019,3,8,5,WN,N421LV,2019,TUS,"Tucson, AZ",Arizona,LAS,"Las Vegas, NV",Nevada,1805,1758,-7.0,9.0,1807,1808,8.0,1820,1816,-4.0,0.0,"",0.0,75.0,78.0,61.0,364.0,"","","","","",2019-3-8,SAC-TUSDAC-LASDIM-364.0
2019,3,8,5,MQ,N854AE,3728,HTS,"Ashland, WV",West Virginia,CLT,"Charlotte, NC",North Carolina,1619,1725,66.0,8.0,1733,1819,23.0,1739,1842,63.0,0.0,"",0.0,80.0,77.0,46.0,235.0,0.0,0.0,0.0,0.0,63.0,2019-3-8,SAC-HTSDAC-CLTDIM-235.0
2019,3,8,5,MQ,N825AE,3815,PIT,"Pittsburgh, PA",Pennsylvania,LGA,"New York, NY",New York,1724,1713,-11.0,18.0,1731,1831,14.0,1900,1845,-15.0,0.0,"",0.0,96.0,92.0,60.0,335.0,"","","","","",2019-3-8,SAC-PITDAC-LGADIM-335.0
2019,3,8,5,OH,N597NN,5551,GSP,"Greer, SC",South Carolina,CLT,"Charlotte, NC",North Carolina,1743,1806,23.0,8.0,1814,1838,15.0,1850,1853,3.0,0.0,"",0.0,67.0,47.0,24.0,75.0,"","","","","",2019-3-8,SAC-GSPDAC-CLTDIM-75.0
2019,3,8,5,OH,N596NN,5574,GSO,"Greensboro/High Point, NC",North Carolina,CLT,"Charlotte, NC",North Carolina,1745,1750,5.0,8.0,1758,1832,8.0,1850,1840,-10.0,0.0,"",0.0,65.0,50.0,34.0,83.0,"","","","","",2019-3-8,SAC-GSODAC-CLTDIM-83.0
2019,3,8,5,OH,N500AE,5124,ORF,"Norfolk, VA",Virginia,PHL,"Philadelphia, PA",Pennsylvania,1715,1713,-2.0,10.0,1723,1807,12.0,1834,1819,-15.0,0.0,"",0.0,79.0,66.0,44.0,212.0,"","","","","",2019-3-8,SAC-ORFDAC-PHLDIM-212.0
2019,3,8,5,OH,N218PS,5176,CRW,"Charleston/Dunbar, WV",West Virginia,CLT,"Charlotte, NC",North Carolina,1719,1712,-7.0,26.0,1738,1831,22.0,1845,1853,8.0,0.0,"",0.0,86.0,101.0,53.0,221.0,"","","","","",2019-3-8,SAC-CRWDAC-CLTDIM-221.0
2019,3,8,5,HA,N492HA,356,HNL,"Honolulu, HI",Hawaii,OGG,"Kahului, HI",Hawaii,1531,1713,102.0,25.0,1738,1759,10.0,1613,1809,116.0,0.0,"",0.0,42.0,56.0,21.0,100.0,102.0,0.0,14.0,0.0,0.0,2019-3-8,SAC-HNLDAC-OGGDIM-100.0
2019,3,8,5,HA,N484HA,360,OGG,"Kahului, HI",Hawaii,ITO,"Hilo, HI",Hawaii,1721,1721,0.0,9.0,1730,1754,5.0,1800,1759,-1.0,0.0,"",0.0,39.0,38.0,24.0,121.0,"","","","","",2019-3-8,SAC-OGGDAC-ITODIM-121.0
2019,3,8,5,HA,N476HA,364,LIH,"Lihue, HI",Hawaii,HNL,"Honolulu, HI",Hawaii,1730,1726,-4.0,8.0,1734,1756,10.0,1806,1806,0.0,0.0,"",0.0,36.0,40.0,22.0,102.0,"","","","","",2019-3-8,SAC-LIHDAC-HNLDIM-102.0
2019,3,8,5,HA,N481HA,371,ITO,"Hilo, HI",Hawaii,HNL,"Honolulu, HI",Hawaii,1756,1757,1.0,8.0,1805,1839,16.0,1851,1855,4.0,0.0,"",0.0,55.0,58.0,34.0,216.0,"","","","","",2019-3-8,SAC-ITODAC-HNLDIM-216.0
2019,3,8,5,HA,N488HA,377,KOA,"Kona, HI",Hawaii,HNL,"Honolulu, HI",Hawaii,1753,1753,0.0,9.0,1802,1830,19.0,1842,1849,7.0,0.0,"",0.0,49.0,56.0,28.0,163.0,"","","","","",2019-3-8,SAC-KOADAC-HNLDIM-163.0
2019,3,8,5,HA,N480HA,385,OGG,"Kahului, HI",Hawaii,HNL,"Honolulu, HI",Hawaii,1809,1805,-4.0,9.0,1814,1837,15.0,1848,1852,4.0,0.0,"",0.0,39.0,47.0,23.0,100.0,"","","","","",2019-3-8,SAC-OGGDAC-HNLDIM-100.0
2019,3,8,5,HA,N490HA,386,HNL,"Honolulu, HI",Hawaii,OGG,"Kahului, HI",Hawaii,1636,1704,28.0,25.0,1729,1752,5.0,1718,1757,39.0,0.0,"",0.0,42.0,53.0,23.0,100.0,8.0,0.0,11.0,0.0,20.0,2019-3-8,SAC-HNLDAC-OGGDIM-100.0
2019,3,8,5,HA,N493HA,393,HNL,"Honolulu, HI",Hawaii,LIH,"Lihue, HI",Hawaii,1714,1713,-1.0,26.0,1739,1801,4.0,1755,1805,10.0,0.0,"",0.0,41.0,52.0,22.0,102.0,"","","","","",2019-3-8,SAC-HNLDAC-LIHDIM-102.0
2019,3,8,5,HA,N478HA,398,HNL,"Honolulu, HI",Hawaii,KOA,"Kona, HI",Hawaii,1710,1709,-1.0,23.0,1732,1759,6.0,1757,1805,8.0,0.0,"",0.0,47.0,56.0,27.0,163.0,"","","","","",2019-3-8,SAC-HNLDAC-KOADIM-163.0
2019,3,8,5,HA,N489HA,513,HNL,"Honolulu, HI",Hawaii,LIH,"Lihue, HI",Hawaii,1757,1800,3.0,8.0,1808,1831,5.0,1838,1836,-2.0,0.0,"",0.0,41.0,36.0,23.0,102.0,"","","","","",2019-3-8,SAC-HNLDAC-LIHDIM-102.0
2019,3,8,5,HA,N491HA,516,HNL,"Honolulu, HI",Hawaii,OGG,"Kahului, HI",Hawaii,1806,1805,-1.0,12.0,1817,1839,5.0,1847,1844,-3.0,0.0,"",0.0,41.0,39.0,22.0,100.0,"","","","","",2019-3-8,SAC-HNLDAC-OGGDIM-100.0
2019,3,8,5,AA,N814AW,1691,ATL,"Atlanta, GA",Georgia,ORD,"Chicago, IL",Illinois,1736,1729,-7.0,18.0,1747,1837,20.0,1904,1857,-7.0,0.0,"",0.0,148.0,148.0,110.0,606.0,"","","","","",2019-3-8,SAC-ATLDAC-ORDDIM-606.0
2019,3,8,5,AA,N819NN,2441,STL,"St. Louis, MO",Missouri,ORD,"Chicago, IL",Illinois,1649,1711,22.0,11.0,1722,1808,14.0,1810,1822,12.0,0.0,"",0.0,81.0,71.0,46.0,258.0,"","","","","",2019-3-8,SAC-STLDAC-ORDDIM-258.0
2019,3,8,5,AA,N853NN,2471,DFW,"Dallas/Fort Worth, TX",Texas,ONT,"Ontario, CA",California,1647,1717,30.0,15.0,1732,1822,8.0,1757,1830,33.0,0.0,"",0.0,190.0,193.0,170.0,1188.0,30.0,0.0,3.0,0.0,0.0,2019-3-8,SAC-DFWDAC-ONTDIM-1188.0
2019,3,8,5,AA,N962NN,2490,PHX,"Phoenix, AZ",Arizona,SNA,"Santa Ana, CA",California,1820,1822,2.0,15.0,1837,1834,7.0,1840,1841,1.0,0.0,"",0.0,80.0,79.0,57.0,338.0,"","","","","",2019-3-8,SAC-PHXDAC-SNADIM-338.0
2019,3,8,5,AS,N838VA,1491,LAS,"Las Vegas, NV",Nevada,LAX,"Los Angeles, CA",California,1720,1718,-2.0,20.0,1738,1824,19.0,1835,1843,8.0,0.0,"",0.0,75.0,85.0,46.0,236.0,"","","","","",2019-3-8,SAC-LASDAC-LAXDIM-236.0
2019,3,8,5,YX,N437YX,4327,DCA,"Washington, DC",Virginia,LGA,"New York, NY",New York,1700,1655,-5.0,34.0,1729,1812,7.0,1823,1819,-4.0,0.0,"",0.0,83.0,84.0,43.0,214.0,"","","","","",2019-3-8,SAC-DCADAC-LGADIM-214.0
2019,3,8,5,AA,N903AN,1194,MIA,"Miami, FL",Florida,MCO,"Orlando, FL",Florida,1734,1731,-3.0,19.0,1750,1831,8.0,1845,1839,-6.0,0.0,"",0.0,71.0,68.0,41.0,192.0,"","","","","",2019-3-8,SAC-MIADAC-MCODIM-192.0
2019,3,8,5,9E,N927EV,3280,ATL,"Atlanta, GA",Georgia,CSG,"Columbus, GA",Georgia,1711,1706,-5.0,15.0,1721,1739,3.0,1753,1742,-11.0,0.0,"",0.0,42.0,36.0,18.0,83.0,"","","","","",2019-3-8,SAC-ATLDAC-CSGDIM-83.0
2019,3,8,5,9E,N600LR,3303,DTW,"Detroit, MI",Michigan,GRR,"Grand Rapids, MI",Michigan,1745,1747,2.0,22.0,1809,1834,3.0,1837,1837,0.0,0.0,"",0.0,52.0,50.0,25.0,120.0,"","","","","",2019-3-8,SAC-DTWDAC-GRRDIM-120.0
2019,3,8,5,OH,N537EA,5242,JAX,"Jacksonville, FL",Florida,CLT,"Charlotte, NC",North Carolina,1712,1716,4.0,11.0,1727,1823,18.0,1850,1841,-9.0,0.0,"",0.0,98.0,85.0,56.0,328.0,"","","","","",2019-3-8,SAC-JAXDAC-CLTDIM-328.0
2019,3,8,5,OH,N592NN,5281,CAE,"Columbia, SC",South Carolina,CLT,"Charlotte, NC",North Carolina,1714,1718,4.0,17.0,1735,1804,17.0,1830,1821,-9.0,0.0,"",0.0,76.0,63.0,29.0,88.0,"","","","","",2019-3-8,SAC-CAEDAC-CLTDIM-88.0
2019,3,8,5,OH,N519AE,5295,JFK,"New York, NY",New York,DCA,"Washington, DC",Virginia,1715,1712,-3.0,15.0,1727,1819,6.0,1844,1825,-19.0,0.0,"",0.0,89.0,73.0,52.0,213.0,"","","","","",2019-3-8,SAC-JFKDAC-DCADIM-213.0
2019,3,8,5,NK,N619NK,680,IAH,"Houston, TX",Texas,MSY,"New Orleans, LA",Louisiana,1747,1743,-4.0,13.0,1756,1840,18.0,1853,1858,5.0,0.0,"",0.0,66.0,75.0,44.0,305.0,"","","","","",2019-3-8,SAC-IAHDAC-MSYDIM-305.0
2019,3,8,5,YV,N923FJ,5794,PHX,"Phoenix, AZ",Arizona,SBA,"Santa Barbara, CA",California,1808,1804,-4.0,16.0,1820,1835,4.0,1843,1839,-4.0,0.0,"",0.0,95.0,95.0,75.0,455.0,"","","","","",2019-3-8,SAC-PHXDAC-SBADIM-455.0
2019,3,8,5,YV,N928LR,5832,PHX,"Phoenix, AZ",Arizona,SBP,"San Luis Obispo, CA",California,1800,1754,-6.0,12.0,1806,1826,3.0,1840,1829,-11.0,0.0,"",0.0,100.0,95.0,80.0,509.0,"","","","","",2019-3-8,SAC-PHXDAC-SBPDIM-509.0
2019,3,8,5,YV,N909FJ,5845,PHX,"Phoenix, AZ",Arizona,ONT,"Ontario, CA",California,1815,1812,-3.0,14.0,1826,1820,6.0,1830,1826,-4.0,0.0,"",0.0,75.0,74.0,54.0,325.0,"","","","","",2019-3-8,SAC-PHXDAC-ONTDIM-325.0
2019,3,8,5,YV,N942LR,5858,DFW,"Dallas/Fort Worth, TX",Texas,ABQ,"Albuquerque, NM",New Mexico,1705,1712,7.0,12.0,1724,1759,6.0,1758,1805,7.0,0.0,"",0.0,113.0,113.0,95.0,569.0,"","","","","",2019-3-8,SAC-DFWDAC-ABQDIM-569.0
2019,3,8,5,YV,N241LR,5885,PHX,"Phoenix, AZ",Arizona,FAT,"Fresno, CA",California,1755,1748,-7.0,17.0,1805,1828,4.0,1837,1832,-5.0,0.0,"",0.0,102.0,104.0,83.0,493.0,"","","","","",2019-3-8,SAC-PHXDAC-FATDIM-493.0
2019,3,8,5,YV,N954LR,5887,PHX,"Phoenix, AZ",Arizona,TUS,"Tucson, AZ",Arizona,1752,1748,-4.0,8.0,1756,1821,2.0,1840,1823,-17.0,0.0,"",0.0,48.0,35.0,25.0,110.0,"","","","","",2019-3-8,SAC-PHXDAC-TUSDIM-110.0
2019,3,8,5,YV,N948LR,5899,PHX,"Phoenix, AZ",Arizona,LGB,"Long Beach, CA",California,1752,1754,2.0,14.0,1808,1809,4.0,1815,1813,-2.0,0.0,"",0.0,83.0,79.0,61.0,355.0,"","","","","",2019-3-8,SAC-PHXDAC-LGBDIM-355.0
2019,3,8,5,AA,N9004F,2764,LAX,"Los Angeles, CA",California,SFO,"San Francisco, CA",California,1700,1659,-1.0,30.0,1729,1829,7.0,1827,1836,9.0,0.0,"",0.0,87.0,97.0,60.0,337.0,"","","","","",2019-3-8,SAC-LAXDAC-SFODIM-337.0
2019,3,8,5,9E,N314PQ,5022,DSM,"Des Moines, IA",Iowa,MSP,"Minneapolis, MN",Minnesota,1723,1723,0.0,11.0,1734,1825,6.0,1839,1831,-8.0,0.0,"",0.0,76.0,68.0,51.0,232.0,"","","","","",2019-3-8,SAC-DSMDAC-MSPDIM-232.0
2019,3,8,5,9E,N902XJ,5080,LGA,"New York, NY",New York,PIT,"Pittsburgh, PA",Pennsylvania,1707,1702,-5.0,31.0,1733,1835,3.0,1850,1838,-12.0,0.0,"",0.0,103.0,96.0,62.0,335.0,"","","","","",2019-3-8,SAC-LGADAC-PITDIM-335.0
2019,3,8,5,9E,N836AY,5144,ROC,"Rochester, NY",New York,LGA,"New York, NY",New York,1727,1725,-2.0,18.0,1743,1829,26.0,1850,1855,5.0,0.0,"",0.0,83.0,90.0,46.0,254.0,"","","","","",2019-3-8,SAC-ROCDAC-LGADIM-254.0
2019,3,8,5,9E,N936XJ,5158,BUF,"Buffalo, NY",New York,JFK,"New York, NY",New York,1719,1723,4.0,9.0,1732,1827,9.0,1859,1836,-23.0,0.0,"",0.0,100.0,73.0,55.0,301.0,"","","","","",2019-3-8,SAC-BUFDAC-JFKDIM-301.0
2019,3,8,5,MQ,N694AE,4075,CMH,"Columbus, OH",Ohio,ORD,"Chicago, IL",Illinois,1714,1751,37.0,18.0,1809,1816,13.0,1745,1829,44.0,0.0,"",0.0,91.0,98.0,67.0,296.0,10.0,0.0,7.0,0.0,27.0,2019-3-8,SAC-CMHDAC-ORDDIM-296.0
2019,3,8,5,YV,N85351,6044,LIT,"Little Rock, AR",Arkansas,IAH,"Houston, TX",Texas,1700,1717,17.0,13.0,1730,1833,14.0,1833,1847,14.0,0.0,"",0.0,93.0,90.0,63.0,374.0,"","","","","",2019-3-8,SAC-LITDAC-IAHDIM-374.0
2019,3,8,5,YV,N85354,6059,IAH,"Houston, TX",Texas,HRL,"Harlingen/San Benito, TX",Texas,1713,1706,-7.0,21.0,1727,1818,2.0,1826,1820,-6.0,0.0,"",0.0,73.0,74.0,51.0,295.0,"","","","","",2019-3-8,SAC-IAHDAC-HRLDIM-295.0
2019,3,8,5,AA,N840AW,775,PHX,"Phoenix, AZ",Arizona,OAK,"Oakland, CA",California,1735,1731,-4.0,8.0,1739,1817,5.0,1833,1822,-11.0,0.0,"",0.0,118.0,111.0,98.0,646.0,"","","","","",2019-3-8,SAC-PHXDAC-OAKDIM-646.0
2019,3,8,5,AA,N750UW,838,CLT,"Charlotte, NC",North Carolina,BNA,"Nashville, TN",Tennessee,1757,1811,14.0,13.0,1824,1833,7.0,1823,1840,17.0,0.0,"",0.0,86.0,89.0,69.0,328.0,0.0,0.0,3.0,0.0,14.0,2019-3-8,SAC-CLTDAC-BNADIM-328.0
2019,3,8,5,AS,N622AS,50,SCC,"Deadhorse, AK",Alaska,BRW,"Barrow, AK",Alaska,1730,1714,-16.0,6.0,1720,1756,4.0,1815,1800,-15.0,0.0,"",0.0,45.0,46.0,36.0,204.0,"","","","","",2019-3-8,SAC-SCCDAC-BRWDIM-204.0
2019,3,8,5,AS,N618AS,64,PSG,"Petersburg, AK",Alaska,WRG,"Wrangell, AK",Alaska,1520,1757,157.0,11.0,1808,1816,3.0,1545,1819,154.0,0.0,"",0.0,25.0,22.0,8.0,31.0,0.0,0.0,0.0,0.0,154.0,2019-3-8,SAC-PSGDAC-WRGDIM-31.0
2019,3,8,5,AS,N553AS,67,KTN,"Ketchikan, AK",Alaska,SIT,"Sitka, AK",Alaska,1735,1739,4.0,9.0,1748,1821,4.0,1830,1825,-5.0,0.0,"",0.0,55.0,46.0,33.0,183.0,"","","","","",2019-3-8,SAC-KTNDAC-SITDIM-183.0
2019,3,8,5,AS,N419AS,533,GEG,"Spokane, WA",Washington,SEA,"Seattle, WA",Washington,1725,1738,13.0,20.0,1758,1836,11.0,1835,1847,12.0,0.0,"",0.0,70.0,69.0,38.0,224.0,"","","","","",2019-3-8,SAC-GEGDAC-SEADIM-224.0
2019,3,8,5,UA,N37287,2343,CLT,"Charlotte, NC",North Carolina,ORD,"Chicago, IL",Illinois,1715,1710,-5.0,16.0,1726,1810,17.0,1836,1827,-9.0,0.0,"",0.0,141.0,137.0,104.0,599.0,"","","","","",2019-3-8,SAC-CLTDAC-ORDDIM-599.0
2019,3,8,5,UA,N17753,2340,PIT,"Pittsburgh, PA",Pennsylvania,EWR,"Newark, NJ",New Jersey,1716,1712,-4.0,9.0,1721,1817,9.0,1900,1826,-34.0,0.0,"",0.0,104.0,74.0,56.0,319.0,"","","","","",2019-3-8,SAC-PITDAC-EWRDIM-319.0
2019,3,8,5,UA,N14704,2238,MSP,"Minneapolis, MN",Minnesota,ORD,"Chicago, IL",Illinois,1655,1704,9.0,17.0,1721,1815,11.0,1833,1826,-7.0,0.0,"",0.0,98.0,82.0,54.0,334.0,"","","","","",2019-3-8,SAC-MSPDAC-ORDDIM-334.0
2019,3,8,5,UA,N850UA,2088,OMA,"Omaha, NE",Nebraska,DEN,"Denver, CO",Colorado,1718,1719,1.0,13.0,1732,1802,9.0,1806,1811,5.0,0.0,"",0.0,108.0,112.0,90.0,472.0,"","","","","",2019-3-8,SAC-OMADAC-DENDIM-472.0
